method,max_NT_all_trials_ok,max_N_when_all_trials_ok,max_T_when_all_trials_ok,median_time_s_across_cells,median_rss_fit_peak_mb_across_cells,median_relative_error_across_cells
OLS_DID,1000000,100,10000,0.0051671666636442,1.9947916666666667,0.3199193652366117
SDID,500000,50,10000,0.1072166166680593,9.668619791666666,0.2722011750925577
DCPR,100000,100,1000,0.2827254000051956,2.13671875,1.330166818574989
MC_NNM_CV,500000,50,10000,0.690653499996794,8.584635416666666,0.3122968610473695
SC,500000,50,10000,0.1132944333367049,5.4140625,0.4048032692700269
RSC,500000,50,10000,0.0746500499953981,1.1126302083333337,0.5956747817070704
CovPCA,500000,50,10000,0.050240933332437,4.82421875,0.3729597764973039
