method,max_NT_all_trials_ok,max_N_when_all_trials_ok,max_T_when_all_trials_ok,median_time_s_across_cells,median_rss_fit_peak_mb_across_cells,median_relative_error_across_cells
DID,1000000,100,10000,0.005167166663644214,1.9947916666666667,0.3199193652366117
SDID,500000,50,10000,0.10721661666805933,9.668619791666666,0.2722011750925577
DC_PR_auto_rank,100000,100,1000,0.2827254000051956,2.13671875,1.330166818574989
MC_NNM_CV,500000,50,10000,0.690653499996794,8.584635416666666,0.31229686104736953
SC,500000,50,10000,0.11329443333670497,5.4140625,0.40480326927002697
RobustSyntheticControl,500000,50,10000,0.07465004999539815,1.1126302083333335,0.5956747817070704
CovariancePCA,500000,50,10000,0.050240933332437024,4.82421875,0.3729597764973039
